occasion_id,casual_day,creative_office,business_dinner,wedding_guest,black_tie,streetwear_night,summer_party,editorial
casual_day,0.9999999,0.6218823,0.62094355,0.5755327,0.54777664,0.65609235,0.6407426,0.51228225
creative_office,0.6218823,1.0,0.7221024,0.6842532,0.60844815,0.62552714,0.64663684,0.6484045
business_dinner,0.62094355,0.7221024,1.0000001,0.6845269,0.70749867,0.64494115,0.61204505,0.56575155
wedding_guest,0.5755327,0.6842532,0.6845269,1.0000001,0.68330073,0.6077788,0.6319786,0.60424185
black_tie,0.54777664,0.60844815,0.70749867,0.68330073,1.0,0.5971288,0.62208617,0.5982787
streetwear_night,0.65609235,0.62552714,0.64494115,0.6077788,0.5971288,0.99999994,0.63649255,0.59900653
summer_party,0.6407426,0.64663684,0.61204505,0.6319786,0.62208617,0.63649255,1.0,0.55891067
editorial,0.51228225,0.6484045,0.56575155,0.60424185,0.5982787,0.59900653,0.55891067,0.99999994
